id,speed
0,47.39754
1,47.20604
2,39.975285
3,31.239107
4,41.775993
5,27.84188
6,21.81454
7,49.160034
8,47.905235
9,32.50101
10,30.341433000000002
11,22.818161
12,23.430788
13,24.240105
14,28.190341999999998
15,42.075287
16,43.631840000000004
17,47.41727
18,48.780803999999996
19,48.565468
20,46.765755
21,44.879234000000004
22,19.566113
23,27.188612
24,25.83694
25,20.12878
26,20.689045
27,19.398392
28,16.604682999999998
29,12.57323
30,25.228233
31,46.552273
32,49.11163
33,27.613091999999998
34,25.770876
35,23.674345000000002
36,20.776068
37,21.352736
38,44.892418
39,39.780409999999996
40,44.75083
41,48.14918
42,48.878209999999996
43,45.321102
44,19.106245
45,17.254356
46,17.424322
47,9.151909
48,43.663383
49,48.13007
50,48.860836
51,28.410053
52,19.676226
53,17.788206
54,16.780231
55,17.942907
56,16.204933
57,17.6195
58,24.757399
59,34.532288
60,43.333218
61,41.152077
62,41.40835
63,41.608703999999996
64,45.45198
65,48.035275
66,48.100094
67,45.978840000000005
68,41.342597999999995
69,23.413738000000002
70,17.444561
71,14.958687
72,16.044209
73,17.070793
74,12.459423
75,8.089523
76,41.232464
77,38.718987
78,42.135216
79,46.7803
80,13.258956
81,14.036705
82,18.780064000000003
83,15.623073000000002
84,14.803660999999998
85,12.311836999999999
86,22.635271
87,37.95073
88,45.621113
89,40.92188
90,47.736470000000004
91,47.14867
92,46.283848
93,45.23811
94,25.933546
95,15.606695000000002
96,24.280123
97,12.957353999999999
98,9.218463
99,20.734415
100,39.824707000000004
101,47.499546
102,15.193192000000002
103,18.36468
104,14.171187
105,41.30312
106,31.953796
107,48.205826
108,43.546402
109,14.140407999999999
110,9.574233999999999
111,9.710628999999999
112,20.339148
113,29.818333000000003
114,31.040956
115,48.635433
116,48.340668
117,42.87016
118,27.974997
119,23.446535
120,20.79407
121,17.649752
122,31.935307
123,47.132782
124,46.792313
125,42.437571999999996
126,43.230194
127,37.22538
128,42.515553000000004
129,35.299652
130,48.329235
131,47.246674
132,46.113525
133,28.232947999999997
134,22.565624
135,21.450665
136,40.063866
137,46.474154999999996
138,49.159817
139,47.63278
140,47.11449
141,45.12449
142,29.083326
143,15.462191
144,20.545391
145,18.386768
146,16.717613
147,48.52366
148,48.962437
149,47.990807000000004
150,48.059944
151,15.955243
152,16.625529999999998
153,14.55464
154,9.887678999999999
155,23.75825
156,36.31006
157,41.387787
158,32.714165
159,40.155986999999996
160,49.154896
161,49.555
162,48.705307
163,48.27169
164,45.50987
165,28.456616999999998
166,15.664928
167,20.362326
168,18.539248
169,19.231297
170,12.552669999999999
171,12.547957
172,44.66628
173,48.319798
174,43.704468
175,25.177563
176,17.709626999999998
177,16.317488
178,17.474712
179,9.810921
180,45.443940000000005
181,48.865715
182,49.45203
183,48.784546
184,41.68878
185,19.332620000000002
186,18.413477
187,39.270435
188,29.761796999999998
189,47.54173
190,43.469078
191,43.689609999999995
192,38.91883
193,39.52211
194,38.230312
195,36.99113
196,37.964237
197,42.689667
198,39.085297
199,48.012153999999995
200,46.601757
201,26.893016999999997
202,26.849065999999997
203,18.149542
204,18.40374
205,19.465517000000002
206,41.086674
207,41.404808
208,48.823513
209,49.34427
210,47.734867
211,47.318283
212,27.208128000000002
213,13.444811999999999
214,22.965313000000002
215,22.997782
216,17.301184
217,22.987495000000003
218,45.30887
219,47.934975
220,46.913094
221,45.76464
222,28.469769
223,17.334312
224,11.348718
225,23.413114999999998
226,47.455414000000005
227,48.204014
228,16.5553
229,23.6241
230,20.6787
231,19.553465
232,45.28177
233,48.379852
234,46.829693
235,19.481087
236,26.059664
237,21.426144
238,22.676275
239,44.136517
240,37.56128
241,39.013954
242,48.817654
243,49.687286
244,48.81988
245,49.243313
246,27.278215000000003
247,23.34392
248,20.093374
249,22.675732
250,22.257835
251,31.597227
252,42.191505
253,31.269471999999997
254,30.485934999999998
255,46.944332
256,46.88604
257,45.341938
258,42.523506
259,42.935368
260,40.535942
261,37.844448
262,40.670315
263,42.956238
264,31.533306
265,43.115032
266,47.82156
267,45.092056
268,19.905203
269,21.573292000000002
270,17.847452
271,18.396735999999997
272,19.142853
273,15.166018
274,47.137917
275,47.636359999999996
276,48.226555
277,47.020264000000005
278,28.12385
279,16.711695000000002
280,17.369455
281,21.758663000000002
282,21.627934
283,15.529326999999999
284,12.863564
285,12.855452
286,46.920044
287,47.637146
288,11.82433
289,13.359995999999999
290,13.795929999999998
291,9.056372999999999
292,9.74982
293,23.596079
294,45.84662
295,49.134197
296,48.37876
297,32.542625
298,20.429615
299,31.485334
300,25.126074
301,19.700357
302,22.345793
303,42.885082000000004
304,41.12704
305,50.02525
306,48.818493
307,49.109646000000005
308,46.411373
309,29.82023
310,17.759565
311,8.596952
312,40.641329999999996
313,31.411377
314,35.970383
315,49.14505
316,47.643276
317,37.410090000000004
318,31.834808000000002
319,34.772133000000004
320,44.425391999999995
321,46.70593
322,46.6407
323,46.673313
324,44.519529999999996
325,43.271415999999995
326,43.73385
327,41.341015000000006
328,42.359272
329,36.240406
330,35.877407
331,41.283512
332,42.669540000000005
333,32.556988
334,28.851368
335,38.17102
336,47.586063
337,47.214653000000006
338,14.249676000000001
339,21.064116000000002
340,20.950916
341,23.386349
342,43.524048
343,43.534725
344,48.89562
345,47.80317
346,47.98514
347,16.931051
348,37.49172
349,49.719666
350,48.718779999999995
351,48.31565
352,31.991774
353,16.880499
354,24.185413
355,18.086899
356,16.357494
357,22.272364000000003
358,36.69193
359,44.892944
360,44.922447
361,49.752857
362,17.010872
363,25.889666000000002
364,19.268135
365,16.446785000000002
366,12.205949
367,21.354895000000003
368,42.796986
369,49.71502
370,48.647816
371,48.05959
372,47.65231
373,17.748598
374,18.970135
375,10.005032
376,20.278137
377,35.026554
378,39.327797
379,48.104490000000006
380,29.006373999999997
381,18.273874
382,18.982689999999998
383,31.987796999999997
384,48.40446
385,47.890209999999996
386,47.489082
387,44.728813
388,41.05408
389,39.57301
390,36.71804
391,36.058025
392,48.726345
393,48.876606
394,47.79788
395,17.397038000000002
396,19.082826999999998
397,26.02948
398,23.688558999999998
399,16.99902
400,10.670333
401,36.39966
402,37.798122
403,49.642662
404,47.91414
405,45.788692
406,31.287391999999997
407,18.518148
408,19.480488
409,18.184618
410,17.629042000000002
411,9.383484
412,43.733734000000005
413,36.628895
414,42.321220000000004
415,49.235443
416,48.480045000000004
417,48.00143
418,47.773967999999996
419,31.725794
420,16.575623999999998
421,10.43062
422,42.086890000000004
423,37.847767
424,48.723372999999995
425,49.13612
426,48.389509999999994
427,40.131896999999995
428,31.797009000000003
429,38.99102
430,39.400112
431,47.48433
432,47.55375
433,44.950794
434,28.916520000000002
435,31.591526
436,24.809732
437,22.967827
438,47.994576
439,48.333233
440,48.800056
441,41.811253
442,34.006355
443,34.009544
444,30.706001
445,36.922104
446,33.060352
447,32.803757
448,46.679264
449,45.968509999999995
450,44.840538
451,43.780097999999995
452,43.06848
453,43.967915000000005
454,44.58286
455,42.410472999999996
456,42.155228
457,44.346832
458,48.178616
459,48.633507
460,38.596527
461,27.430615999999997
462,28.569498
463,27.543470000000003
464,33.330994
465,39.55923
466,47.458584
467,48.44747
468,47.597332
469,49.23165
470,23.378876
471,27.25719
472,27.752298
473,25.333548
474,18.569086
475,25.668139
476,48.21946
477,47.27387
478,36.731888
479,30.749449
480,28.403313
481,24.491825
482,24.947874
483,47.250996
484,47.555176
485,46.784252
486,30.844490000000004
487,37.03934
488,30.382849
489,17.057848
490,15.011913
491,39.22985
492,45.139893
493,47.889275
494,48.205020000000005
495,46.95003
496,24.738863000000002
497,33.283607
498,42.010674
499,49.376979999999996
500,49.494907
501,49.854040000000005
502,49.341064
503,48.849606
504,34.762886
505,37.470802
506,28.452814
507,25.749527
508,28.643353
509,45.25718
510,46.956734000000004
511,47.215927
512,46.27086
513,45.898720000000004
514,44.90674
515,42.182235999999996
516,43.16641
517,41.702538
518,47.171383
519,46.591427
520,21.011644
521,26.880934000000003
522,20.674988
523,23.14273
524,15.970839000000002
525,47.533840000000005
526,48.504807
527,48.51489
528,47.30441
529,29.778563000000002
530,19.721992
531,23.808456
532,20.290007
533,17.739676
534,14.937999
535,47.000690000000006
536,28.385489
537,17.982457999999998
538,17.967857000000002
539,18.600832
540,14.553698
541,13.495938
542,45.648823
543,43.915318
544,48.147316
545,45.148113
546,15.628279999999998
547,20.659475
548,20.635038
549,19.500713
550,17.849895
551,38.254974
552,42.151325
553,48.372955
554,48.238197
555,45.714344
556,29.933690999999996
557,17.721624
558,21.735975
559,21.701355
560,18.774464000000002
561,19.67459
562,19.371626000000003
563,17.240059
564,14.407639000000001
565,11.948153999999999
566,44.273575
567,37.810825
568,40.912582
569,49.363907
570,48.83587
571,32.773967999999996
572,42.397182
573,46.153603000000004
574,46.879185
575,47.574546999999995
576,47.333237
577,42.991737
578,43.071453000000005
579,44.314133
580,41.6752
581,38.900665000000004
582,48.716286
583,48.55973
584,15.2247
585,18.29978
586,26.461744
587,24.605864999999998
588,20.177605
589,18.638035000000002
590,18.704247
591,18.550129000000002
592,46.887726
593,48.435852000000004
594,48.745075
595,47.044247
596,45.573174
597,29.154806
598,25.860378
599,19.900612
600,14.380415
601,47.799217
602,47.773243
603,45.261143
604,15.173248000000001
605,18.909924
606,38.617363
607,42.144065999999995
608,47.714714
609,48.674126
610,47.61978
611,47.206520000000005
612,42.784275
613,13.937313
614,17.599079999999997
615,14.585841
616,14.922576999999999
617,15.9794655
618,10.450397
619,20.201254000000002
620,41.864494
621,50.561188
622,50.039536
623,49.33603
624,45.956635
625,29.699897999999997
626,19.336798
627,16.876255
628,18.72849
629,11.793975
630,21.463997
631,50.20344
632,48.95393
633,47.956886
634,43.07205
635,28.694172
636,22.839146
637,47.967884000000005
638,48.28252
639,47.985714
640,41.897057000000004
641,43.830090000000006
642,42.83883
643,40.6468
644,38.178104
645,40.33933
646,38.351490000000005
647,48.12764
648,47.99224
649,47.828102
650,45.89973
651,16.840385
652,18.461267000000003
653,11.979574000000001
654,21.962225
655,47.77301
656,47.956417
657,47.254475
658,46.59618
659,46.020557000000004
660,43.784534
661,15.707270999999999
662,23.62279
663,17.666449
664,18.580725
665,16.72106
666,15.800849
667,10.388232
668,43.0432
669,38.98408
670,43.70771
671,47.702667
672,44.5144
673,23.08099
674,17.598179000000002
675,37.194534000000004
676,48.534344
677,48.22082
678,47.014713
679,14.158876000000001
680,23.209711
681,17.755917
682,18.376516
683,17.550282
684,44.25483
685,48.536404
686,47.866127
687,47.563465
688,45.127914000000004
689,25.700743
690,15.72935
691,22.007994
692,16.132735999999998
693,16.796362
694,49.138832
695,48.605340000000005
696,41.308823
697,27.873158
698,25.215248000000003
699,19.725970999999998
700,18.039108
701,19.862161999999998
702,40.291996000000005
703,45.289364
704,47.91956
705,47.75663
706,47.131428
707,46.4401
708,42.477140000000006
709,42.15959
710,40.920002000000004
711,41.869
712,42.02917
713,41.172623
714,38.158752
715,44.450874
716,37.41223
717,45.295629999999996
718,47.75517
719,27.714777
720,13.722565
721,10.743975
722,7.985245699999999
723,41.265087
724,43.33142
725,47.18202
726,46.640396
727,26.94898
728,18.590525
729,15.917152
730,10.508194999999999
731,42.885277
732,48.015995000000004
733,48.660233000000005
734,43.459145
735,12.815660000000001
736,13.38088
737,13.915703
738,12.698357000000001
739,6.898436
740,31.291786
741,41.445427
742,48.08347
743,48.497612
744,48.236763
745,25.153755
746,16.532795
747,20.863997
748,20.363342000000003
749,17.352520000000002
750,17.660921
751,15.305023
752,41.21881
753,48.39635
754,48.315144000000004
755,47.50731
756,47.10347
757,14.961819
758,17.84064
759,18.029926
760,15.336158
761,10.82377
762,21.090870000000002
763,44.48261
764,32.887383
765,38.146584000000004
766,49.26552
767,48.7149
768,42.100590000000004
769,20.636269
770,18.77528
771,20.529139999999998
772,33.26185
773,46.617992
774,46.97175
775,46.750988
776,46.363396
777,46.124359999999996
778,41.080684999999995
779,38.694168
780,47.969532
781,47.969505
782,47.624584000000006
783,13.050381
784,15.723676000000001
785,16.883067999999998
786,15.258548000000001
787,16.180288
788,10.453857000000001
789,23.077414
790,48.147484000000006
791,48.394756
792,46.924095
793,47.911854
794,18.653866
795,18.823526
796,14.247667999999999
797,10.158081
798,23.570967
799,47.136818
800,27.250114
801,12.188577
802,15.23135
803,13.496583
804,13.621479999999998
805,10.005942999999998
806,34.74171
807,42.159954
808,47.616165
809,47.589832
810,47.606964000000005
811,47.150627
812,30.209173
813,12.194996000000002
814,21.412167
815,19.9172
816,16.746229999999997
817,42.858852
818,33.892165999999996
819,49.514520000000005
820,47.979343
821,33.177425
822,37.386520000000004
823,27.398712
824,28.7177
825,29.31901
826,49.463345000000004
827,48.63472
828,34.703724
829,34.417698
830,34.924355
831,32.947124
832,42.897633
833,36.488842
834,47.097736
835,47.475998
836,44.726696000000004
837,43.871359999999996
838,38.580135
839,37.687816999999995
840,48.67078
841,48.558147
842,48.208523
843,38.57067
844,27.862528
845,24.96847
846,33.854584
847,40.301876
848,46.917736
849,48.057359999999996
850,47.746216
851,21.277994
852,24.189535
853,29.257252
854,25.22335
855,25.855194
856,23.002829000000002
857,43.32371
858,46.868538
859,48.13433
860,47.593365000000006
861,47.171597
862,15.227704999999998
863,28.080105
864,24.04962
865,20.176676
866,25.353089999999998
867,46.841716999999996
868,43.041847
869,49.284015999999994
870,47.365584999999996
871,33.144634
872,28.8565
873,24.833233
874,44.468540000000004
875,45.426605
876,48.790890000000005
877,48.431606
878,47.153862
879,19.131908
880,12.039512
881,11.764441999999999
882,22.018919
883,45.978573
884,38.539722
885,46.83605
886,46.639267
887,43.931553
888,47.732327000000005
889,48.29892
890,43.93908
891,27.899820000000002
892,23.208395
893,22.609238
894,37.0998
895,47.931957000000004
896,45.041942999999996
897,44.509396
898,45.100615999999995
899,43.488396
900,47.096540000000005
901,48.132725
902,46.912914
903,27.830204
904,14.135932999999998
905,17.325556
906,23.578259
907,19.439615
908,16.984165
909,12.570694999999999
910,36.482784
911,44.886627000000004
912,47.358917
913,47.274826000000004
914,46.753215999999995
915,23.60942
916,22.827534
917,17.09654
918,17.875956
919,13.184809
920,47.935635
921,48.546413
922,47.738106
923,13.577057
924,24.081419
925,22.747770000000003
926,16.561134
927,17.186363
928,11.890626
929,10.21292
930,21.986818
931,37.331226
932,45.305637
933,47.744254999999995
934,13.900003
935,17.360454999999998
936,17.43038
937,16.069832
938,11.394064
939,22.061647
940,43.384808
941,48.772182
942,48.586059999999996
943,47.56612
944,47.20778
945,28.407728000000002
946,14.648303
947,23.249788
948,22.607536
949,17.830406
950,39.051758
951,46.517654
952,48.720028000000006
953,47.464806
954,39.488537
955,20.938558999999998
956,25.380489999999998
957,17.3854
958,39.456547
959,34.303641999999996
960,45.835865000000005
961,47.922897
962,48.034203000000005
963,46.10885
964,45.66604
965,44.178047
966,41.82206
967,41.266403000000004
968,41.31051
969,41.841393
970,38.08644
971,38.67423
972,46.8721
973,15.5584345
974,18.324226
975,21.173367000000002
976,17.821092999999998
977,17.6048
978,17.63756
979,13.482757999999999
980,10.459336
981,21.436493
982,45.926759999999994
983,48.575745
984,49.31047
985,47.445847
986,25.551016
987,17.703785
988,15.797973
989,10.208406
990,36.177170000000004
991,44.840965000000004
992,49.07065
993,47.72429
994,47.373546999999995
995,46.975555
996,27.243965000000003
997,13.934917
998,17.193022
999,20.78142
1000,17.369354
1001,15.448435
1002,17.217709
1003,10.765718
1004,20.312618
1005,45.65958
1006,48.17967
1007,47.00763
1008,45.496418
1009,28.370888
1010,17.418674
1011,18.8032
1012,13.816862
1013,12.8126135
1014,43.92219
1015,48.763892999999996
1016,47.859406
1017,28.364046000000002
1018,18.136385
1019,26.898267999999998
1020,16.780764
1021,17.530910000000002
1022,10.222099
1023,38.454235
1024,45.54101
1025,37.169556
1026,48.752438
1027,28.799673
1028,20.339415
1029,19.700344
1030,20.230710000000002
1031,20.543110000000002
1032,19.929810999999997
1033,42.456097
1034,40.069103000000005
1035,45.261414
1036,46.871190000000006
1037,47.470165
1038,42.952377
1039,40.8338
1040,40.892277
1041,40.315483
1042,37.41575
1043,37.339535
1044,44.18499
1045,37.516186
1046,36.947959999999995
1047,48.16598
1048,47.254870000000004
1049,47.477385999999996
1050,28.186117
1051,23.87911
1052,16.915148000000002
1053,9.870982000000001
1054,44.96717
1055,48.626971999999995
1056,47.918606
1057,46.780342
1058,45.126422999999996
1059,13.454267499999998
1060,20.503439
1061,17.64193
1062,10.585094999999999
1063,34.950195
1064,44.682068
1065,40.09604
1066,49.1367
1067,47.829212
1068,48.279408000000004
1069,47.455963
1070,46.993342999999996
1071,45.119213
1072,13.973935999999998
1073,15.957301999999999
1074,13.964910999999999
1075,19.624765
1076,36.745003000000004
1077,48.353313
1078,45.231606
1079,13.644291
1080,16.745104
1081,16.694921
1082,16.00135
1083,12.308044
1084,45.016857
1085,39.355109999999996
1086,44.476585
1087,47.316296
1088,17.824137
1089,11.572847
1090,36.74452
1091,38.044296
1092,48.399291999999996
1093,48.061398
1094,47.18662
1095,41.01788
1096,26.799791
1097,24.481281
1098,16.069359
1099,18.842953
1100,18.20668
1101,31.356514
1102,41.257459999999995
1103,39.389004
1104,35.94815
1105,36.261887
1106,47.472176
1107,47.135906
1108,43.59126
1109,41.186264
1110,42.27172
1111,40.552929999999996
1112,37.51702
1113,44.326846999999994
1114,44.574653999999995
1115,48.642563
1116,47.575344
1117,47.4147
1118,26.065025
1119,22.813470000000002
1120,35.91125
1121,39.1286
1122,42.795494
1123,48.771515
1124,45.901215
1125,28.7677
1126,28.474606
1127,28.762468
1128,33.115177
1129,38.156437
1130,43.252646999999996
1131,48.291412
1132,46.901936
1133,45.384777
1134,30.16879
1135,17.851608
1136,20.576492000000002
1137,19.501535
1138,19.06802
1139,14.174215
1140,46.08483
1141,42.57114
1142,47.97441
1143,49.095364000000004
1144,47.583942
1145,27.42695
1146,19.641098
1147,19.960094
1148,45.908344
1149,44.28512
1150,15.487101999999998
1151,27.388857
1152,26.202106
1153,18.785538
1154,19.002993
1155,14.839570000000002
1156,11.94975
1157,22.887745000000002
1158,39.344173
1159,37.348946000000005
1160,48.738693
1161,48.115906
1162,48.76778
1163,47.810534999999994
1164,27.930765
1165,20.236906
1166,21.926561
1167,18.306059
1168,45.68229
1169,47.102886
1170,45.956177000000004
1171,42.250988
1172,37.58325
1173,36.762978000000004
1174,45.246582000000004
1175,47.673576000000004
1176,47.115116
1177,26.789922999999998
1178,14.200972
1179,18.065065
1180,18.495767999999998
1181,20.642172
1182,12.419642
1183,45.812275
1184,43.266037
1185,46.25355
1186,45.888259999999995
1187,45.60918
1188,22.717001
1189,16.308726999999998
1190,14.676870000000001
1191,16.483458
1192,37.523711999999996
1193,44.904434
1194,47.536526
1195,46.870888
1196,46.050740000000005
1197,43.586193
1198,24.281858
1199,41.690605
1200,48.592822999999996
1201,47.16945
1202,42.806168
1203,13.915666
1204,18.70421
1205,14.870285
1206,15.496001000000001
1207,7.8349304
1208,21.859785000000002
1209,35.9563
1210,47.14134
1211,45.6414
1212,19.853973
1213,19.37884
1214,19.006048
1215,16.116177
1216,47.158947
1217,48.271336
1218,47.785477
1219,41.388588
1220,24.481539
1221,19.641003
1222,15.951039999999999
1223,19.359957
1224,17.636543
1225,17.12584
1226,16.812965
1227,40.248238
1228,34.908497
1229,34.772575
1230,47.32826
1231,47.277195
1232,39.467075
1233,39.76962
1234,39.9192
1235,48.337524
1236,14.724828
1237,21.528513
1238,18.479860000000002
1239,13.557154999999998
1240,22.444178
1241,45.000515
1242,40.456512
1243,43.86598
1244,49.325935
1245,47.715317
1246,16.841322
1247,24.731533
1248,24.053276
1249,13.302576
1250,45.35585
1251,49.300329999999995
1252,48.023914000000005
1253,47.68723
1254,22.819283
1255,16.573845000000002
1256,17.551039000000003
1257,39.896694000000004
1258,47.925056
1259,47.311794
1260,46.884857000000004
1261,45.080456
1262,27.473204
1263,22.70209
1264,17.605022
1265,18.164873
1266,17.44269
1267,17.898948999999998
1268,22.338423000000002
1269,48.675297
1270,48.65947
1271,48.770503999999995
1272,45.676907
1273,13.537443
1274,16.388145
1275,18.079302
1276,18.15372
1277,13.434395
1278,21.173016
1279,37.657707
1280,44.18128
1281,36.232597
1282,46.91769
1283,47.68464
1284,47.764027
1285,26.83383
1286,27.088071999999997
1287,21.906836
1288,19.941656
1289,18.79264
1290,33.858554999999996
1291,48.560143
1292,47.891684999999995
1293,43.688522
1294,43.036556
1295,42.29387
1296,42.264553
1297,37.536564
1298,45.037315
1299,46.288395
1300,46.94601
1301,44.749092
1302,22.434639
1303,14.368037
1304,25.913153
1305,48.10901
1306,48.954716
1307,48.348198
1308,48.028324
1309,38.231667
1310,28.71864
1311,29.356745
1312,23.474777
1313,24.367838
1314,17.782035999999998
1315,33.91553
1316,40.733000000000004
1317,40.63632
1318,43.7911
1319,47.258327
1320,47.30856
1321,45.22423
1322,15.70009
1323,18.243847
1324,19.703762
1325,24.063034
1326,48.311572999999996
1327,23.671543
1328,19.4162
1329,18.258348
1330,19.526667
1331,11.496398
1332,23.939623
1333,40.43156
1334,38.62195
1335,48.10066
1336,47.14094
1337,45.847332
1338,16.829937
1339,19.129824
1340,21.093117000000003
1341,18.648497
1342,49.551025
1343,48.983288
1344,42.429825
1345,28.75416
1346,25.748732
1347,21.040096
1348,19.886969
1349,41.67568
1350,40.40116
1351,40.81
1352,40.166885
1353,37.33542
1354,41.66659
1355,38.25821
1356,43.675216999999996
1357,37.743190000000006
1358,47.42341
1359,28.172026000000002
1360,27.531103
1361,25.944832
1362,19.27954
1363,16.413467
1364,18.989195000000002
1365,14.666272
1366,12.346863
1367,40.744246999999994
1368,47.328514
1369,27.203436
1370,26.345598
1371,16.437279
1372,10.648512
1373,37.398483
1374,47.66904
1375,47.765034
1376,48.01825
1377,27.274403000000003
1378,16.90235
1379,41.76278
1380,43.43761
1381,46.866946999999996
1382,19.087059
1383,9.1098175
1384,38.944584000000006
1385,43.094105
1386,41.388329999999996
1387,48.200043
1388,48.406009999999995
1389,45.85122
1390,12.816582
1391,14.862414000000001
1392,19.82157
1393,15.715466500000002
1394,16.19386
1395,11.757213
1396,40.68858
1397,48.724533
1398,48.31495
1399,48.5581
1400,24.120576999999997
1401,24.314423
1402,46.89552
1403,46.188526
1404,45.802273
1405,44.021716999999995
1406,43.73735
1407,42.89632
1408,46.1459
1409,43.82007
1410,45.41665
1411,45.64439
1412,46.759975
1413,47.268409999999996
1414,11.795638
1415,26.646261
1416,38.647472
1417,46.379104999999996
1418,46.282616
1419,45.832172
1420,15.495667999999998
1421,20.048973
1422,19.199781
1423,15.483992
1424,15.190525
1425,11.792584
1426,10.882485
1427,22.275368
1428,41.055214
1429,46.929165000000005
1430,47.352509999999995
1431,46.18408
1432,45.179478
1433,43.141434000000004
1434,18.033518
1435,19.273239999999998
1436,19.377163
1437,17.116322
1438,16.18433
1439,20.090683
1440,35.540465999999995
1441,43.343075
1442,46.913696
1443,46.243763
1444,43.953216999999995
1445,24.312996
1446,16.319057
1447,42.338978000000004
1448,45.47947
1449,43.35974
1450,23.78015
1451,12.3308
1452,15.005096
1453,16.23722
1454,9.31068
1455,34.64233
1456,38.181915000000004
1457,48.398373
1458,47.58129
1459,46.596344
1460,21.141592000000003
1461,18.088076
1462,19.507559
1463,37.66281
1464,45.608925
1465,47.21747
1466,47.200993
1467,46.09254
1468,43.836464
1469,42.272675
1470,41.952374
1471,42.216347
1472,46.40071
1473,46.161682
1474,13.337444
1475,14.330542999999999
1476,18.651062
1477,10.361439
1478,38.178771999999995
1479,41.075996
1480,47.49989
1481,46.841587
1482,46.4048
1483,25.654564
1484,24.114134
1485,23.291185000000002
1486,20.082418
1487,15.848497
1488,10.3396635
1489,10.988314
1490,21.688517
1491,35.178470000000004
1492,46.837345
1493,45.48963
1494,44.60394
1495,41.292526
1496,19.842133
1497,18.093792
1498,15.900469000000001
1499,11.108761999999999
1500,21.560492
1501,34.457325
1502,44.243195
1503,48.36059
1504,47.122906
1505,45.296745
1506,14.41906
1507,17.578587
1508,19.644773
1509,18.734398000000002
1510,16.574807999999997
1511,12.174291
1512,11.716723
1513,38.39345
1514,44.29999
1515,38.46823
1516,45.069313
1517,21.224388
1518,9.872912
1519,36.17015
1520,35.59555
1521,47.849323
1522,46.956540000000004
1523,23.536171
1524,21.222948000000002
1525,21.997591
1526,22.307291
1527,18.720253
1528,38.75503
1529,33.457577
1530,44.499886
1531,47.14201
1532,39.569664
1533,40.57768
1534,44.681263
1535,42.356274
1536,36.740035999999996
1537,48.433094
1538,48.358402000000005
1539,48.573273
1540,47.553112
1541,45.556366
1542,30.596704
1543,28.211565000000004
1544,29.793324
1545,29.69036
1546,28.609240000000003
1547,39.13718
1548,47.70183
1549,48.676575
1550,47.458040000000004
1551,44.625137
1552,27.063178999999998
1553,19.550415
1554,19.639637
1555,16.444332
1556,11.553299
1557,23.132568
1558,36.512024
1559,47.417305
1560,48.938503000000004
1561,47.67954
1562,47.510014
1563,12.655603
1564,18.619556
1565,11.507295
1566,10.214822
1567,21.643549
1568,44.760826
1569,47.756214
1570,21.51653
1571,20.931517000000003
1572,18.146427
1573,18.23565
1574,12.157202999999999
1575,21.894184
1576,41.457565
1577,42.07152
1578,47.227512
1579,47.518448
1580,46.18483
1581,44.663925
1582,24.566746
1583,17.065254
1584,11.915186
1585,10.492600999999999
1586,36.698025
1587,41.714737
1588,32.581856
1589,36.49103
1590,46.4365
1591,47.22895
1592,46.707390000000004
1593,39.92848
1594,26.21515
1595,20.36119
1596,15.072732
1597,33.254128
1598,41.31688
1599,35.1834
1600,45.43404
1601,45.898724
1602,44.373272
1603,44.143265
1604,36.72234
1605,36.72619
1606,36.529465
1607,35.91816
1608,33.81384
1609,46.55818
1610,46.84912
1611,46.605290000000004
1612,44.67068
1613,16.460445
1614,18.628439
1615,19.251606
1616,17.67261
1617,35.343270000000004
1618,40.94044
1619,47.12073
1620,47.604409999999994
1621,46.560196000000005
1622,47.122105
1623,45.71909
1624,44.324726
1625,26.118265
1626,17.893059
1627,25.631853
1628,23.418596
1629,17.518068
1630,10.808083
1631,46.716496
1632,47.655582
1633,46.66977
1634,47.23082
1635,46.016933
1636,44.373302
1637,15.216025
1638,23.886858
1639,21.706295
1640,16.742634
1641,9.387400999999999
1642,23.65399
1643,37.510677
1644,40.959713
1645,47.06157
1646,47.466904
1647,46.413002
1648,19.527483
1649,16.648256
1650,18.006794
1651,18.355767999999998
1652,11.096131
1653,20.990978
1654,37.399772999999996
1655,37.27597
1656,47.440334
1657,44.663197
1658,15.213783
1659,21.832611
1660,20.118656
1661,16.476260999999997
1662,17.439245
1663,17.588846
1664,16.744226
1665,35.47292
1666,45.933693
1667,39.15328
1668,26.426884
1669,27.437621999999998
1670,29.767666
1671,14.189932
1672,40.132626
1673,34.90025
1674,34.315059999999995
1675,45.203266
1676,47.264122
1677,46.997837
1678,32.827521999999995
1679,43.91807
1680,44.204033
1681,47.220015999999994
1682,48.047005
1683,47.535835
1684,38.521015000000006
1685,30.172455
1686,34.050064
1687,28.881472
1688,30.189486
1689,30.317990999999996
1690,24.768368
1691,31.55995
1692,44.75254
1693,41.383266
1694,46.9776
1695,47.18692
1696,43.901764
1697,10.886813
1698,21.374311
1699,20.400002999999998
1700,43.714222
1701,45.782191999999995
1702,30.165905
1703,11.912021000000001
1704,13.776106
1705,20.08837
1706,18.998926
1707,11.649867
1708,23.556482
1709,40.81156
1710,43.85479
1711,48.788143
1712,47.98385
1713,44.13126
1714,20.284032999999997
1715,21.026208999999998
1716,19.044542
1717,15.603235
1718,44.608532000000004
1719,42.91279
1720,47.3524
1721,46.317005
1722,43.960552
1723,30.225258
1724,16.582523000000002
1725,17.535294
1726,38.916129999999995
1727,44.632927
1728,47.973465000000004
1729,39.710679999999996
1730,16.948027
1731,15.305194
1732,43.343967
1733,47.759277000000004
1734,47.17402
1735,46.726955
1736,42.792526
1737,41.349537
1738,39.85223
1739,42.234047
1740,42.834034
1741,41.85544
1742,36.730427
1743,41.429992999999996
1744,33.852540000000005
1745,42.88552
1746,14.04729
1747,17.386675
1748,22.584476000000002
1749,37.283863000000004
1750,38.74542
1751,47.72599
1752,48.396935
1753,16.54731
1754,23.73101
1755,20.870163
1756,19.567776000000002
1757,39.236156
1758,47.97319
1759,47.548325
1760,47.91254
1761,47.188553000000006
1762,44.637257
1763,14.997698000000002
1764,17.339980999999998
1765,19.052551
1766,23.55525
1767,49.402138
1768,48.2858
1769,47.784462
1770,24.643057000000002
1771,20.138363000000002
1772,16.566132999999997
1773,47.148506
1774,46.320440000000005
1775,46.71359
1776,45.245644
1777,44.71046
1778,10.428701
1779,16.6617
1780,16.960865
1781,16.859652
1782,22.437717000000003
1783,37.92665
1784,42.371708
1785,44.80896
1786,37.826809999999995
1787,29.735264
1788,22.14997
1789,22.208387
1790,24.584486
1791,30.948002000000002
1792,29.64006
1793,22.851313
1794,40.39111
1795,39.201206
1796,37.34196
1797,45.392379999999996
1798,45.544785
1799,45.10694
1800,43.574524
1801,41.51185
1802,46.39063
1803,38.542976
1804,43.909103
1805,44.158190000000005
1806,35.58133
1807,40.9811
1808,40.724808
1809,44.985706
1810,45.272217
1811,44.12069
1812,44.560916999999996
1813,43.368378
1814,13.756719
1815,21.4966
1816,21.553352
1817,20.050053
1818,24.095854
1819,40.005790000000005
1820,42.671757
1821,47.839584
1822,47.264313
1823,14.226354
1824,16.198294
1825,23.665794
1826,19.747728
1827,21.764938
1828,24.2334
1829,44.65772
1830,37.923866
1831,47.85295
1832,46.244198
1833,44.092205
1834,30.940802
1835,16.925728
1836,22.810411
1837,21.624592
1838,16.252445
1839,16.882662
1840,20.357004
1841,35.831013
1842,38.13883
1843,45.094234
1844,18.361586
1845,18.11887
1846,19.431715
1847,11.473448
1848,38.58563
1849,47.60068
1850,47.111946
1851,44.847424
1852,22.288082
1853,22.268013
1854,20.498106
1855,19.832747
1856,18.57996
1857,36.10631
1858,31.207478000000002
1859,49.172016
1860,48.080771999999996
1861,26.3284
1862,30.425196000000003
1863,23.291206
1864,25.097786
1865,47.290440000000004
1866,47.367717999999996
1867,46.145714
1868,43.232966999999995
1869,42.51367
1870,39.480007
1871,39.13089
1872,43.763824
1873,35.003161999999996
1874,47.71094
1875,47.182873
1876,46.6544
1877,43.724567
1878,23.594260000000002
1879,22.377897
1880,12.456468
1881,48.445297
1882,49.339496999999994
1883,48.21728
1884,47.936592
1885,19.376920000000002
1886,26.053501
1887,21.638227
1888,19.962688
1889,21.22968
1890,48.306038
1891,19.11915
1892,26.444962
1893,25.943232000000002
1894,21.193312
1895,13.119786999999999
1896,47.294376
1897,48.06578
1898,20.000095
1899,20.605534
1900,11.916539
1901,24.52182
1902,39.357483
1903,48.978603
1904,45.894077
1905,15.408109
1906,18.274815
1907,19.80817
1908,19.652328
1909,15.229764000000001
1910,23.171808
1911,48.196647999999996
1912,47.72315
1913,26.972425
1914,23.81092
1915,25.050838
1916,18.006203
1917,20.538237
1918,32.881126
1919,43.542324
1920,40.73052
1921,47.489883
1922,41.7047
1923,39.077694
1924,38.502983
1925,37.832012
1926,42.40613
1927,42.75731
1928,43.136013
1929,46.830456
1930,31.9319
1931,14.919764
1932,19.787737
1933,18.95648
1934,18.99929
1935,19.706263
1936,46.311035
1937,41.33055
1938,43.95622
1939,47.447146999999994
1940,46.92439
1941,44.92204
1942,33.241703
1943,14.898933999999999
1944,26.77038
1945,24.402829999999998
1946,16.57424
1947,24.145004
1948,43.185505
1949,40.93909
1950,48.821964
1951,46.724709999999995
1952,44.86914
1953,32.669064
1954,15.419305
1955,18.390657
1956,18.574078
1957,15.521514000000002
1958,12.523105000000001
1959,40.18285
1960,47.327618
1961,48.37235
1962,47.19294
1963,47.404224
1964,43.862595
1965,20.57742
1966,18.160337
1967,43.409718
1968,42.226833
1969,48.424683
1970,44.88727
1971,13.890676500000001
1972,16.67826
1973,18.66994
1974,16.295067
1975,11.314086999999999
1976,21.324934
1977,39.54572
1978,47.446415
1979,47.218216
1980,47.816452000000005
1981,46.517723
1982,42.101967
1983,27.461859999999998
1984,28.34797
1985,24.643785
1986,22.157726
1987,23.141281
1988,37.213074
1989,44.493120000000005
1990,46.173832
1991,46.7536
1992,46.536972
1993,41.248974
1994,38.166264
1995,35.641220000000004
1996,35.388256
1997,36.196106
1998,47.882153
1999,32.792429999999996
2000,18.280956
2001,19.442091
2002,18.695753
2003,17.780117
2004,26.068167000000003
2005,44.242965999999996
2006,42.239273
2007,47.790207
2008,14.701807999999998
2009,17.105553
2010,23.492615
2011,18.369482
2012,12.531699
2013,15.630376
2014,20.469412
2015,18.187817000000003
2016,17.796007
2017,15.735023000000002
2018,33.456615
2019,37.244637
2020,42.305695
2021,47.43841
2022,47.98908
2023,47.021545
2024,18.743847
2025,17.834734
2026,20.867603
2027,20.709145
2028,16.086441
2029,44.31729
2030,38.616985
2031,43.1951
2032,47.411083000000005
2033,46.03261
2034,15.467804999999998
2035,14.578275
2036,15.569810999999998
2037,17.096536999999998
2038,9.872209
2039,45.647213
2040,45.073845
2041,46.02874
2042,26.317427000000002
2043,29.833178000000004
2044,20.90651
2045,22.368166
2046,42.995644
2047,41.324554
2048,37.493809999999996
2049,41.49007
2050,38.470240000000004
2051,43.387638
2052,38.594746
2053,46.98186
2054,47.005997
2055,45.100765
2056,18.764167999999998
2057,24.333157999999997
2058,23.420403
2059,20.781702
2060,22.182985000000002
2061,17.786911
2062,13.015486
2063,45.9308
2064,46.54357
2065,45.86565
2066,17.737614
2067,24.243559
2068,19.050348
2069,20.552582
2070,11.738584
2071,36.69362
2072,40.576595000000005
2073,43.959507
2074,47.279185999999996
2075,29.36788
2076,13.478114000000001
2077,19.232210000000002
2078,18.183138
2079,18.82505
2080,20.988897
2081,36.092453000000006
2082,46.98254
2083,46.304615000000005
2084,44.49497
2085,13.740492999999999
2086,21.204898999999997
2087,16.938332
2088,18.552816
2089,40.98992
2090,40.763702
2091,47.136395
2092,46.7871
2093,47.438744
2094,44.228943
2095,15.871397
2096,18.664870999999998
2097,13.041203999999999
2098,17.718339999999998
2099,17.884624
2100,12.253498
2101,38.634434000000006
2102,46.086575
2103,47.913326
2104,46.774506
2105,46.28045
2106,26.384594
2107,23.05199
2108,20.065094000000002
2109,20.476785999999997
2110,17.356249
2111,21.414703
2112,21.049257
2113,33.667706
2114,45.664153999999996
2115,47.198440000000005
2116,46.252228
2117,42.01662
2118,42.800632
2119,39.465959999999995
2120,38.89911
2121,38.340763
2122,41.138775
2123,42.34342
2124,35.857634999999995
2125,34.631170000000004
2126,47.06368
2127,47.545722999999995
2128,46.923336
2129,45.94057
2130,43.055797999999996
2131,17.065321
2132,18.70049
2133,19.699676999999998
2134,17.461535
2135,18.285913
2136,18.004938
2137,8.577146
2138,47.252472
2139,48.020782000000004
2140,17.191212
2141,19.840275
2142,39.703734999999995
2143,48.783237
2144,48.325893
2145,43.77462
2146,13.825535999999998
2147,19.615667000000002
2148,14.777444000000001
2149,16.66315
2150,21.96442
2151,37.221396999999996
2152,41.710274
2153,48.02599
2154,47.109497
2155,46.44304
2156,12.910612
2157,14.9751005
2158,17.478706
2159,17.820345
2160,15.563003
2161,9.411389
2162,33.2673
2163,38.351620000000004
2164,47.676613
2165,31.408572999999997
2166,14.739973999999998
2167,17.588907
2168,21.321497
2169,21.477936
2170,19.456528
2171,19.139835
2172,16.870386
2173,10.439499
2174,43.202053
2175,34.82353
2176,35.779087
2177,46.743565000000004
2178,48.77532
2179,48.88557
2180,19.848314000000002
2181,18.387157000000002
2182,20.511670000000002
2183,22.307610999999998
2184,19.930323
2185,31.946543
2186,39.489540000000005
2187,35.18877
2188,46.62172
2189,46.537193
2190,46.919224
2191,46.793735999999996
2192,46.334990000000005
2193,45.108078000000006
2194,40.660767
2195,39.62234
2196,38.298629999999996
2197,38.188564
2198,36.089413
2199,35.200974
2200,32.96839
2201,38.797127
2202,47.306942
2203,47.17836
2204,46.61322
2205,14.544863000000001
2206,19.61684
2207,10.804215
2208,39.715571999999995
2209,43.43334
2210,44.709503000000005
2211,42.306732000000004
2212,26.059143
2213,20.081652
2214,20.505432
2215,16.744652
2216,9.188084
2217,20.640589000000002
2218,42.430912
2219,45.862503000000004
2220,46.312670000000004
2221,45.809944
2222,45.156303
2223,42.9578
2224,13.263330999999999
2225,15.8769245
2226,16.499603
2227,17.109270000000002
2228,10.374984
2229,9.84225
2230,21.915668
2231,43.769490000000005
2232,47.686066
2233,48.559345
2234,48.025314
2235,46.640675
2236,43.925575
2237,16.297009
2238,20.255081
2239,27.806683000000003
2240,17.160334
2241,23.343744
2242,36.181908
2243,47.42474
2244,48.108505
2245,47.384646999999994
2246,47.638863
2247,46.727882
2248,44.523379999999996
2249,30.725417999999998
2250,12.007933999999999
2251,20.774738
2252,19.883884
2253,15.810795
2254,16.644066
2255,13.266729999999999
2256,8.426110000000001
2257,17.70638
2258,33.22213
2259,35.481457
2260,46.087215
2261,46.838295
2262,46.623000000000005
2263,26.966448
2264,17.932684
2265,18.565754000000002
2266,37.088432
2267,46.791195
2268,45.85843
2269,42.012943
2270,43.70665
2271,43.45778
2272,41.02738
2273,41.582985
2274,44.583645000000004
2275,39.554120000000005
2276,39.048733
2277,37.052128
2278,47.747505
2279,47.14958
2280,48.025974
2281,47.15821
2282,26.700854999999997
2283,25.002714
2284,21.748255
2285,20.536848000000003
2286,20.710653
2287,21.614967
2288,12.68839
2289,40.89889
2290,46.893726
2291,24.955246
2292,13.498610000000001
2293,16.534098
2294,21.226562
2295,18.753029
2296,18.357742000000002
2297,43.276768
2298,40.32647
2299,48.60519
2300,47.132645000000004
2301,18.706797
2302,18.094242
2303,15.849104999999998
2304,16.898994000000002
2305,9.018092
2306,7.4884663
2307,37.28141
2308,40.994972
2309,48.54392
2310,47.3407
2311,48.076763
2312,47.156338
2313,45.03662
2314,24.210222
2315,48.395588000000004
2316,48.454291999999995
2317,47.166893
2318,23.887684
2319,14.198746
2320,20.391586
2321,20.707632
2322,16.022904999999998
2323,8.461436
2324,18.056210999999998
2325,35.400246
2326,47.16498
2327,47.647636
2328,47.470290000000006
2329,47.05917
2330,46.193335999999995
2331,40.998886
2332,26.588882
2333,22.978886
2334,16.577358
2335,21.179257999999997
2336,13.959334
2337,37.51526
2338,31.245508
2339,35.911034
2340,46.986187
2341,41.276070000000004
2342,40.010868
2343,41.178913
2344,40.429035
2345,43.447193
2346,47.428596
2347,47.88812
2348,14.523279999999998
2349,25.036587
2350,22.09264
2351,19.407366
2352,22.256335999999997
2353,41.078026
2354,47.512268
2355,48.147822999999995
2356,46.882103
2357,44.178368
2358,14.691835999999999
2359,20.270338
2360,17.47549
2361,16.6762
2362,17.451378
2363,10.537654
2364,9.628892
2365,38.7153
2366,47.228905
2367,47.09818
2368,46.92451
2369,45.17794
2370,24.347174
2371,16.394579999999998
2372,35.587990000000005
2373,43.518745
2374,47.446045
2375,47.039032
2376,12.516866
2377,18.846076999999998
2378,16.981794
2379,16.441292
2380,7.332453299999999
2381,34.334472999999996
2382,37.263935
2383,48.2941
2384,47.320793
2385,44.9812
2386,12.779858
2387,20.39432
2388,18.496057999999998
2389,34.40052
2390,45.307034
2391,47.179996
2392,48.544746
2393,25.765812
2394,23.003982999999998
2395,21.608429
2396,21.356811999999998
2397,19.813375
2398,48.690945
2399,46.726925
2400,47.092564
2401,22.604032999999998
2402,20.346632
2403,17.494851999999998
2404,19.284195
2405,31.435938
2406,38.571342
2407,45.978809999999996
2408,38.424459999999996
2409,47.807503000000004
2410,47.703784999999996
2411,28.759989
2412,26.961868
2413,31.739841
2414,25.42997
2415,27.303162
2416,15.664179
2417,40.769737
2418,47.549652
2419,46.136672999999995
2420,22.105282
2421,20.359228
2422,47.803024
2423,46.58254
2424,12.869059
2425,15.158372
2426,16.183657
2427,17.720922
2428,14.224051999999999
2429,15.356039
2430,7.7373970000000005
2431,6.713825
2432,35.005146
2433,47.79573
2434,47.01079
2435,23.442379000000003
2436,15.205663000000001
2437,20.831192
2438,21.207724
2439,17.803192000000003
2440,16.161345
2441,40.829674
2442,47.92074
2443,47.86674
2444,47.05259
2445,44.899634999999996
2446,13.002606
2447,18.693134
2448,19.568504
2449,14.228887
2450,12.253384
2451,16.521867999999998
2452,48.762935999999996
2453,42.032303000000006
2454,24.733294
2455,27.954517
2456,14.870453
2457,35.964424
2458,29.704025
2459,47.072193
2460,46.008666999999996
2461,38.628498
2462,39.181053000000006
2463,38.081577
2464,34.690697
2465,34.123795
2466,41.5704
2467,40.564617
2468,42.156044
2469,47.35488
2470,48.194515
2471,47.70255
2472,47.184666
2473,22.629623000000002
2474,16.189325
2475,20.206797
2476,23.7915
2477,21.736488
2478,21.2158
2479,11.000133
2480,14.392935000000001
2481,44.175728
2482,42.87198
2483,46.00072
2484,46.74108
2485,46.580135
2486,46.326378000000005
2487,27.789856
2488,31.972292
2489,34.81961
2490,31.050917
2491,30.116709999999998
2492,30.949661
2493,24.11564
2494,45.07495
2495,38.828438
2496,48.00125
2497,46.804140000000004
2498,47.433823
2499,46.544144
2500,44.83761
2501,20.971132
2502,16.031466
2503,17.036663
2504,8.824025
2505,20.279905
2506,44.436802
2507,49.529340000000005
2508,48.996895
2509,48.08623
2510,46.491172999999996
2511,14.122201
2512,25.383329999999997
2513,20.764357
2514,18.633776
2515,18.323513000000002
2516,16.338554000000002
2517,35.39203
2518,33.78045
2519,17.509846
2520,23.424664
2521,18.680872
2522,19.608118
2523,11.771604
2524,11.039137
2525,21.473211
2526,38.200657
2527,43.93537
2528,47.27333
2529,48.746258000000005
2530,48.714985
2531,29.463103999999998
2532,27.437904
2533,19.683825
2534,22.848005
2535,33.920048
2536,41.050064
2537,42.76358
2538,45.05822
2539,41.567738
2540,38.857994
2541,36.482525
2542,41.864864000000004
2543,43.597195
2544,46.849564
2545,47.559853000000004
2546,48.156684999999996
2547,46.494396
2548,39.169666
2549,31.139202
2550,30.377934999999997
2551,28.744999
2552,22.489204
2553,32.487003
2554,42.157013
2555,44.32148
2556,48.431129999999996
2557,49.077652
2558,47.87683
2559,47.943844
2560,45.652073
2561,26.531671999999997
2562,13.470170999999999
2563,16.437222
2564,27.411633000000002
2565,19.078262
2566,15.817601000000002
2567,40.559948
2568,47.571835
2569,45.386414
2570,14.643386999999999
2571,22.75929
2572,19.4466
2573,15.198075
2574,11.010066
2575,47.799633
2576,24.721552
2577,13.1896305
2578,8.850813
2579,44.090090000000004
2580,42.694733
2581,47.417347
2582,47.025753
2583,47.68529
2584,47.293724
2585,44.74906
2586,15.246521
2587,22.566822
2588,19.260786
2589,20.261772
2590,17.987425
2591,35.044926000000004
2592,33.05321
2593,42.934814
2594,46.887608
2595,45.893326
2596,21.962633
2597,22.182644
2598,23.426085999999998
2599,20.981392
2600,18.345247
2601,16.509276999999997
2602,19.101706
2603,39.00606
2604,47.518597
2605,47.056126
2606,46.217403000000004
2607,41.21383
2608,38.208157
2609,41.717087
2610,42.55321
2611,41.193512
2612,35.19343
2613,42.171864
2614,35.585784999999994
2615,43.947247
2616,47.968388
2617,44.58251
2618,25.13821
2619,14.91944
2620,17.435751
2621,25.57909
2622,24.038334
2623,20.61024
2624,21.742186
2625,21.257002
2626,39.63588
2627,48.592678
2628,48.53472
2629,47.419655
2630,26.122339999999998
2631,22.04135
2632,18.926819000000002
2633,19.799982
2634,18.623316
2635,39.282146000000004
2636,44.807590000000005
2637,40.326332
2638,45.19038
2639,47.10925
2640,47.0554
2641,46.54503
2642,20.416685
2643,15.470098499999999
2644,15.513882999999998
2645,14.657815
2646,15.508807999999998
2647,14.046075
2648,7.935795
2649,44.847815999999995
2650,47.898140000000005
2651,47.85644
2652,48.22806
2653,47.872787
2654,24.453144
2655,17.360619
2656,19.318409
2657,16.29756
2658,21.340164
2659,44.546127
2660,36.616898
2661,47.92458
2662,48.867672
2663,47.719809999999995
2664,47.292359999999995
2665,24.692648000000002
2666,14.152039000000002
2667,20.73882
2668,17.828472
2669,18.644459
2670,19.67168
2671,44.83618
2672,34.9398
2673,22.381134
2674,19.417
2675,17.958945999999997
2676,32.66944
2677,35.54602
2678,36.8286
2679,46.764103000000006
2680,46.239445
2681,45.491394
2682,43.088165000000004
2683,39.341545
2684,42.656124
2685,41.93272
2686,47.412155
2687,46.669727
2688,46.404747
2689,44.100136
2690,22.994232
2691,15.647020999999999
2692,21.64136
2693,12.933344
2694,39.313427000000004
2695,43.787483
2696,41.606384000000006
2697,46.922928000000006
2698,47.146503
2699,46.21488
2700,11.728289
2701,14.924098999999998
2702,14.001489999999999
2703,15.19041
2704,38.104411999999996
2705,42.719273
2706,49.00415
2707,45.82901
2708,31.892384999999997
2709,39.352909999999994
2710,27.819209999999998
2711,28.614063
2712,28.73508
2713,28.292538
2714,21.788702
2715,46.032978
2716,46.778866
2717,46.337565999999995
2718,21.871876
2719,16.118706
2720,23.353718
2721,17.855957
2722,18.695496
2723,15.659235
2724,11.197739
2725,19.404896
2726,36.56597
2727,48.156985999999996
2728,47.743946
2729,46.272290000000005
2730,21.326304999999998
2731,16.89337
2732,10.966166000000001
2733,22.458054
2734,38.84167
2735,47.57452
2736,49.164120000000004
2737,48.589386
2738,49.041725
2739,48.19621
2740,42.733996999999995
2741,27.961792
2742,21.333824
2743,18.17801
2744,20.100866
2745,19.726295
2746,19.843933
2747,38.573284
2748,48.337643
2749,47.991398
2750,46.81384
2751,44.06013
2752,42.648635999999996
2753,38.91381
2754,42.002784999999996
2755,37.679404999999996
2756,36.77237
2757,48.504204
2758,47.6733
2759,47.642959999999995
2760,23.434166
2761,19.675875
2762,17.719160000000002
2763,13.226994
2764,22.43414
2765,39.660365999999996
2766,43.755287
2767,47.976715000000006
2768,48.771114000000004
2769,47.59765
2770,45.77344
2771,14.022547
2772,22.735854999999997
2773,22.320223000000002
2774,17.296667000000003
2775,20.6787
2776,36.652423999999996
2777,43.704643
2778,43.021423
2779,47.76083
2780,47.500206
2781,47.879364
2782,46.95965
2783,45.36378
2784,24.389507000000002
2785,13.388546
2786,20.112427
2787,16.756313000000002
2788,12.655384
2789,7.223910000000001
2790,18.616613
2791,36.479618
2792,44.564518
2793,38.868297999999996
2794,43.51095
2795,49.06647
2796,47.131744
2797,16.121006
2798,21.658644
2799,21.944994
2800,18.897917
2801,17.526691
2802,18.045145
2803,15.975934
2804,20.991194
2805,34.949757
2806,48.574585
2807,49.288059999999994
2808,48.2385
2809,25.977567999999998
2810,15.377056
2811,21.071711999999998
2812,18.517355
2813,14.502045
2814,19.706251
2815,43.948017
2816,37.71976
2817,47.892014
2818,21.407465
2819,21.092731
2820,20.092152
2821,20.042767
2822,33.926994
2823,39.44458
2824,36.897265999999995
2825,43.526835999999996
2826,46.0437
2827,46.729884999999996
2828,46.495384
2829,41.222706
2830,34.3781
2831,35.54262
2832,36.575706
2833,36.999695
2834,32.749886
2835,32.426505999999996
2836,36.428932
2837,47.238552
2838,46.68587
2839,14.85917
2840,20.795782
2841,21.596085000000002
2842,16.151756
2843,18.144314
2844,20.540442000000002
2845,12.735874
2846,38.906384
2847,42.052096999999996
2848,48.35131
2849,48.010162
2850,48.860664
2851,48.605495
2852,48.221874
2853,46.262947
2854,16.307068
2855,18.536678
2856,45.450493
2857,37.910213
2858,39.896038
2859,48.702206
2860,25.108257000000002
2861,14.363717000000001
2862,15.515839000000001
2863,21.825155
2864,18.29888
2865,8.852594
2866,18.941582
2867,35.61916
2868,42.77675
2869,38.103320000000004
2870,23.310194
2871,19.765176999999998
2872,21.557535
2873,18.930717
2874,13.518595999999999
2875,38.644264
2876,47.787040000000005
2877,48.608166
2878,47.690155
2879,48.238335
2880,25.598104
2881,17.800642
2882,19.095337
2883,19.521252
2884,19.291437
2885,15.307635000000001
2886,11.552116999999999
2887,45.36111
2888,39.731678
2889,46.204384000000005
2890,46.428104
2891,46.591167
2892,29.568378000000003
2893,24.715965
2894,22.122276
2895,20.09153
2896,18.7569
2897,21.174797
2898,29.264725
2899,39.438007
2900,35.579640000000005
2901,47.926136
2902,47.388493
2903,41.26937
2904,41.298897
2905,41.835667
2906,42.94569
2907,42.20969
2908,42.81718
2909,40.903095
2910,38.774426
2911,47.302425
2912,46.728004
2913,26.249287
2914,14.975695000000002
2915,27.237859999999998
2916,23.223067999999998
2917,24.182207000000002
2918,40.581070000000004
2919,44.57498
2920,47.434025
2921,47.925102
2922,47.006046000000005
2923,22.628328
2924,19.345871
2925,21.146687
2926,17.12695
2927,11.719203
2928,10.1758
2929,39.790638
2930,48.208878000000006
2931,47.624294
2932,13.785445999999999
2933,16.364723
2934,18.701883
2935,19.583679999999998
2936,17.619593
2937,9.164792
2938,44.811904999999996
2939,40.778828000000004
2940,47.610786
2941,47.257328
2942,46.819559999999996
2943,16.303984
2944,23.036032000000002
2945,23.51128
2946,11.9784155
2947,21.707218
2948,42.839529999999996
2949,37.493084
2950,42.291267
2951,48.276123
2952,45.543514
2953,25.149147
2954,17.140358
2955,22.452139000000003
2956,18.815924
2957,17.744902
2958,18.433629999999997
2959,20.051039000000003
2960,44.473286
2961,37.729515
2962,47.50504
2963,49.124179999999996
2964,42.525433
2965,27.848190000000002
2966,23.450579
2967,25.555555
2968,24.399275
2969,19.738854999999997
2970,18.792461
2971,26.496246000000003
2972,45.74544
2973,47.806026
2974,47.05741
2975,43.340206
2976,37.912033
2977,36.237965
2978,45.341633
2979,26.484703000000003
2980,22.453203
2981,20.339544
2982,21.156345
2983,16.28931
2984,12.000246
2985,46.013542
2986,48.213177
2987,47.868217
2988,47.808685
2989,45.483523999999996
2990,14.223135999999998
2991,16.836454
2992,25.332119
2993,24.322454
2994,19.012121
2995,11.972809
2996,20.537222
2997,45.458915999999995
2998,44.246845
2999,48.76534
3000,47.835679999999996
3001,47.352264
3002,24.40479
3003,18.227413000000002
3004,16.092679999999998
3005,8.217758
3006,39.383617
3007,43.090027
3008,46.920193
3009,45.153003999999996
3010,18.773761999999998
3011,18.708721
3012,21.35344
3013,38.296023999999996
3014,43.161995000000005
3015,35.992764
3016,48.254093
3017,25.076214
3018,23.527325
3019,17.72687
3020,14.548452
3021,9.540374
3022,19.646032
3023,32.82428
3024,44.765834999999996
3025,26.925071999999997
3026,18.56563
3027,17.481588000000002
3028,17.531727
3029,17.858376
3030,18.222769
3031,36.51917
3032,44.572414
3033,47.372040000000005
3034,47.2908
3035,47.619440000000004
3036,43.391940000000005
3037,40.090107
3038,39.072914000000004
3039,39.96626
3040,39.321033
3041,39.912487
3042,36.388138
3043,43.890029999999996
3044,41.942634999999996
3045,44.17644
3046,47.558341999999996
3047,47.897175
3048,44.11373
3049,14.300355
3050,23.976995000000002
3051,19.613806
3052,20.186285
3053,17.050710000000002
3054,18.19357
3055,13.545935
3056,46.593193
3057,48.036377
3058,48.869762
3059,47.76981
3060,48.234253
3061,15.973035999999999
3062,22.258577
3063,18.352701
3064,16.574234
3065,18.559038
3066,16.587416
3067,11.728176
3068,45.50019
3069,39.147236
3070,48.621646999999996
3071,47.763607
3072,47.34398
3073,47.005753000000006
3074,23.991229999999998
3075,22.475158999999998
3076,21.920416
3077,17.145082000000002
3078,17.146717000000002
3079,16.876009
3080,8.228975
3081,35.841812
3082,43.764004
3083,42.76422
3084,48.75144
3085,47.798429999999996
3086,47.858086
3087,22.694979
3088,16.081924
3089,20.963045
3090,20.72629
3091,15.716879999999998
3092,17.312077
3093,13.238653
3094,38.857147
3095,35.887553999999994
3096,49.182117
3097,47.41453
3098,24.768042
3099,17.620327
3100,18.921293
3101,16.890648000000002
3102,17.823654
3103,17.761045000000003
3104,9.591459
3105,38.63474
3106,37.530514000000004
3107,47.6107
3108,47.99257
3109,47.548256
3110,21.227081
3111,21.062288
3112,18.403616
3113,17.320951
3114,32.575035
3115,37.11359
3116,46.992573
3117,46.609768
3118,42.99222
3119,42.193397999999995
3120,38.251118
3121,38.15668
3122,38.411235999999995
3123,37.842457
3124,36.67868
3125,33.984287
3126,38.109359999999995
3127,36.100018
3128,44.525826
3129,46.70095
3130,47.453484
3131,47.097214
3132,46.163309999999996
3133,25.678192000000003
3134,17.16509
3135,20.058722
3136,22.085415
3137,20.838896
3138,17.654734
3139,10.862669
3140,47.616776
3141,21.999561
3142,18.617998
3143,16.2754
3144,11.342429
3145,9.338835000000001
3146,46.424294
3147,47.338673
3148,45.792732
3149,42.756775
3150,13.012971
3151,9.89892
3152,35.008976000000004
3153,43.932796
3154,48.36088
3155,47.36784
3156,14.727429999999998
3157,19.559662
3158,18.56542
3159,19.397057
3160,14.391879999999999
3161,48.432728000000004
3162,46.03515
3163,26.741714
3164,14.875782000000001
3165,18.314175
3166,17.404879
3167,18.665903
3168,17.764542000000002
3169,9.4501
3170,19.89641
3171,37.8444
3172,49.057945000000004
3173,49.30487
3174,49.19482
3175,25.186838
3176,22.13372
3177,20.457603
3178,19.114523000000002
3179,16.865025
3180,19.29626
3181,19.291977
3182,18.962217000000003
3183,41.662544
3184,32.57318
3185,33.451054
3186,45.352077
3187,47.37079
3188,47.44178
3189,47.065956
3190,45.92191
3191,42.13602
3192,38.675503000000006
3193,40.146458
3194,42.411823
3195,37.682266
3196,44.661312
3197,47.61054
3198,48.11479
3199,47.235671999999994
3200,48.022079999999995
3201,45.019065999999995
3202,26.50822
3203,14.775701500000002
3204,20.27107
3205,14.527313000000001
3206,11.9789715
3207,37.8318
3208,43.0084
3209,39.121303999999995
3210,48.692596
3211,47.49253
3212,48.16512
3213,47.210964000000004
3214,44.838997
3215,15.522607999999998
3216,17.698364
3217,16.692848
3218,38.50246
3219,39.625732
3220,42.766056
3221,48.374863
3222,47.141098
3223,47.63815
3224,22.847538
3225,23.484645999999998
3226,18.908173
3227,10.609325
3228,38.46987
3229,39.46241
3230,41.85415
3231,48.194996
3232,47.148415
3233,47.77637
3234,46.512825
3235,20.909628
3236,18.50714
3237,16.98459
3238,18.441723
3239,9.946388
3240,21.110785
3241,42.85425
3242,48.126236
3243,48.429348
3244,24.168417
3245,15.131767000000002
3246,18.224104
3247,24.891693
3248,23.362453
3249,17.293101999999998
3250,15.2091055
3251,16.477547
3252,17.5435
3253,36.401875
3254,31.687540000000002
3255,33.917465
3256,48.3967
3257,48.548428
3258,25.748838
3259,28.573938000000002
3260,16.960112
3261,18.13223
3262,40.8589
3263,37.820170000000005
3264,32.43161
3265,45.141502
3266,47.402466
3267,39.092476
3268,38.287265999999995
3269,40.378525
3270,39.021896000000005
3271,37.645813000000004
3272,44.006820000000005
3273,46.837933
3274,46.092476
3275,16.501646
3276,20.211151
3277,16.96185
3278,10.902498
3279,22.250985999999997
3280,38.79722
3281,47.69818
3282,48.589508
3283,47.252117
3284,27.802643
3285,24.910654
3286,19.01129
3287,19.055632
3288,15.408972
3289,17.205967
3290,12.873342
3291,10.266769
3292,38.524265
3293,44.698025
3294,37.651215
3295,39.619274
3296,47.264759999999995
3297,47.821835
3298,44.58243
3299,24.244533999999998
3300,18.155792
3301,15.111948000000002
3302,49.196457
3303,48.019690000000004
3304,48.586708
3305,48.05862
3306,28.2249
3307,16.609182
3308,20.137701
3309,19.778202
3310,16.417011
3311,11.050236
3312,20.791677
3313,32.315697
3314,48.706913
3315,49.411194
3316,47.617893
3317,45.436916
3318,27.117205
3319,14.59917
3320,16.593454
3321,23.270332
3322,20.682238
3323,15.08017
3324,15.416909
3325,12.028959
3326,8.028245
3327,19.118141
3328,37.18462
3329,41.95575
3330,48.599747
3331,48.25267
3332,23.049765
3333,23.031235000000002
3334,45.394344
3335,47.393879999999996
3336,47.5208
3337,47.175391999999995
3338,43.5898
3339,39.132740000000005
3340,40.592915000000005
3341,38.39403
3342,38.300777000000004
3343,42.933502000000004
3344,32.257027
3345,41.75707
3346,46.347427
3347,47.272
3348,46.6446
3349,44.905434
3350,25.102297
3351,15.083166
3352,17.674644
3353,15.349726
3354,11.741774000000001
3355,20.017225
3356,37.733562
3357,44.269985
3358,47.67322
3359,48.738686
3360,25.425055
3361,21.050457
3362,21.572035
3363,14.928028
3364,10.744542
3365,19.689726
3366,40.675278000000006
3367,47.683186
3368,45.36436
3369,25.195657999999998
3370,15.900722
3371,39.32177
3372,43.05147
3373,48.122227
3374,48.925728
3375,47.981514000000004
3376,47.758633
3377,24.948233
3378,13.487614
3379,15.428852
3380,17.14773
3381,15.156923
3382,15.764278
3383,14.299572
3384,7.833593400000001
3385,17.64872
3386,31.609777
3387,46.960285
3388,24.744598
3389,23.66777
3390,10.099574
3391,17.287075
3392,26.740952000000004
3393,47.972103000000004
3394,49.235325
3395,48.74765
3396,48.10615
3397,23.846999999999998
3398,22.021324
3399,18.872591
3400,19.665894
3401,20.475533
3402,20.366413
3403,20.872135
3404,29.589962
3405,44.606316
3406,47.325726
3407,46.768738
3408,46.433937
3409,45.413585999999995
3410,45.57594
3411,43.099415
3412,39.680915999999996
3413,39.868332
3414,33.481823
3415,47.5908
3416,46.793938
3417,23.210507999999997
3418,26.459372
3419,21.865763
3420,18.098959
3421,13.279344
3422,13.977530999999999
3423,41.451747999999995
3424,49.037937
3425,49.436946999999996
3426,48.78911
3427,46.359062
3428,30.125653999999997
3429,31.345308000000003
3430,33.44774
3431,25.71622
3432,26.478909
3433,20.44284
3434,18.796661
3435,31.182953
3436,41.776993
3437,47.99137
3438,49.685413
3439,48.337016999999996
3440,48.199635
3441,33.010090000000005
3442,26.777065000000004
3443,25.268501
3444,19.651076999999997
3445,17.883024
3446,34.07863
3447,39.52548
3448,48.46604
3449,47.485023
3450,47.978756
3451,47.299168
3452,45.499309999999994
3453,28.856142
3454,23.451555
3455,20.272417
3456,20.121775
3457,17.56891
3458,12.045146
3459,46.345726
3460,48.86905
3461,48.32861
3462,47.75728
3463,47.340946
3464,20.134613
3465,19.661293
3466,20.013873999999998
3467,20.60464
3468,13.679720999999999
3469,36.256493
3470,47.87
3471,46.857506
3472,35.400913
3473,24.981855
3474,23.421764000000003
3475,23.906944
3476,35.098454
3477,41.682507
3478,35.141457
3479,43.75034
3480,46.325794
3481,46.520813000000004
3482,46.43464
3483,46.191986
3484,46.205420000000004
3485,47.968662
3486,44.54603
3487,44.782333
3488,42.54176
3489,40.3245
3490,34.292282
3491,45.11411
3492,39.977947
3493,47.789402
3494,46.653694
3495,45.59004
3496,28.680294
3497,20.109318
3498,18.013077
3499,11.877386999999999
3500,23.967337
3501,46.003966999999996
3502,38.93591
3503,42.61691
